ORDER_ID,DATE1,TIME
1,2022-11-25,6
2,2022-11-25,6
3,2022-11-25,6
4,2022-11-25,6
5,2022-11-25,6
6,2022-11-25,6
7,2022-11-25,7
8,2022-11-25,7
9,2022-11-25,7
10,2022-11-25,7
11,2022-11-25,7
12,2022-11-25,7
13,2022-11-25,7
14,2022-11-25,7
15,2022-11-25,7
16,2022-11-25,7
17,2022-11-25,8
18,2022-11-25,8
19,2022-11-25,8
20,2022-11-25,8
21,2022-11-25,8
22,2022-11-25,8
23,2022-11-25,8
24,2022-11-25,8
25,2022-11-25,8
26,2022-11-25,8
27,2022-11-25,8
28,2022-11-25,8
29,2022-11-25,8
30,2022-11-25,8
31,2022-11-25,8
32,2022-11-25,8
33,2022-11-25,8
34,2022-11-25,8
35,2022-11-25,9
36,2022-11-25,9
37,2022-11-25,9
38,2022-11-25,9
39,2022-11-25,9
40,2022-11-25,9
41,2022-11-25,9
42,2022-11-25,9
43,2022-11-25,9
44,2022-11-25,9
45,2022-11-26,6
46,2022-11-26,6
47,2022-11-26,6
48,2022-11-26,6
49,2022-11-26,6
50,2022-11-26,6
51,2022-11-26,6
52,2022-11-26,6
53,2022-11-26,7
54,2022-11-26,7
55,2022-11-26,7
56,2022-11-26,7
57,2022-11-26,7
58,2022-11-26,7
59,2022-11-26,7
60,2022-11-26,7
61,2022-11-26,7
62,2022-11-26,7
63,2022-11-26,8
64,2022-11-26,8
65,2022-11-26,8
66,2022-11-26,8
67,2022-11-26,8
68,2022-11-26,8
69,2022-11-26,8
70,2022-11-26,8
71,2022-11-26,8
72,2022-11-26,8
73,2022-11-26,8
74,2022-11-26,8
75,2022-11-26,8
76,2022-11-26,8
77,2022-11-26,8
78,2022-11-26,8
79,2022-11-26,8
80,2022-11-26,8
81,2022-11-26,8
82,2022-11-26,9
83,2022-11-26,9
84,2022-11-27,6
85,2022-11-27,6
86,2022-11-27,6
87,2022-11-27,6
88,2022-11-27,6
89,2022-11-27,6
90,2022-11-27,7
91,2022-11-27,7
92,2022-11-27,7
93,2022-11-27,7
94,2022-11-27,7
95,2022-11-27,7
96,2022-11-27,7
97,2022-11-27,8
98,2022-11-27,8
99,2022-11-27,8
100,2022-11-27,8
101,2022-11-27,8
102,2022-11-27,8
103,2022-11-27,8
104,2022-11-27,8
105,2022-11-27,8
106,2022-11-27,8
107,2022-11-27,8
108,2022-11-27,8
109,2022-11-27,9
110,2022-11-27,9
111,2022-11-27,9
112,2022-11-27,9
113,2022-11-27,9
114,2022-11-28,6
115,2022-11-28,6
116,2022-11-28,6
117,2022-11-28,6
118,2022-11-28,6
119,2022-11-28,6
120,2022-11-28,7
121,2022-11-28,7
122,2022-11-28,7
123,2022-11-28,7
124,2022-11-28,7
125,2022-11-28,7
126,2022-11-28,7
127,2022-11-28,8
128,2022-11-28,8
129,2022-11-28,8
130,2022-11-28,8
131,2022-11-28,8
132,2022-11-28,8
133,2022-11-28,8
134,2022-11-28,8
135,2022-11-28,8
136,2022-11-28,8
137,2022-11-28,8
138,2022-11-28,8
139,2022-11-28,8
140,2022-11-28,8
141,2022-11-28,8
142,2022-11-28,8
143,2022-11-28,8
144,2022-11-28,8
145,2022-11-28,8
146,2022-11-28,9
147,2022-11-28,9
148,2022-11-28,9
149,2022-11-28,9
150,2022-11-28,9
151,2022-11-28,9
152,2022-11-28,9
153,2022-11-28,9
154,2022-11-28,9
